INSERT INTO users (id, name, age) VALUES
(1, 'Finnebar', 17), (2, 'Bear', 6), (3, 'Iguana', 4),
(4, 'Alex', 33), (5, 'Amanda', 24), (6, 'Sophie', 24),
(7, 'Rosey', 9), (8, 'Victoria', 23), (9, 'Franz', 100),
(10, 'Hermione', 30), (11, 'Voldemort', 90), (12, 'Marisa', 24),
(13, 'Swizzle', 4), (14, 'Sirius', 36), (15, 'Albus', 113),
(16, 'Squid', 5), (17, 'Whale', 6), (18, 'Pacha', 5),
(19, 'Ena', 24), (20, 'Katie', 24);

INSERT INTO projects (title,category,funding_goal,start_date,end_date) VALUES
("Buy me things","charity",200,"2019-06-12","2019-06-30"),
("Medical bills are killing me becaue our health care system is flawed","charity",5500,"2019-01-02","2019-03-20"),
("Help end homelessness","charity",20,000,"2013-07-23","2019-01-04"),
("Help add compain to decriminalize cannabis","charity",3000,"2010-04-01","2020-04-20"),
("Help me pay for my study abroad","charity",6000,"2034-06-07","2035-02-09"),
("I just want to make the best sandwhich ever!","charity",10,"2019-01-01","2020-01-01"),
("Just donate because why not","charity",10,"2020-07-16","2020-07-018"),
("Help me buy a new computer","charity",1000,"2019-01-28","2019-07-18"),
("Help me time travel home","charity",8000000000000,"1939-02-30","2050-06-30"),
("Idk man","charity",50,"2020-01-01","2020-02-02");
INSERT INTO pledges (id, amount,user_id,project_id) VALUES (1,1.00,1,1),(2,2.00,2,2),(3,3.00,3,3),(4,4.00,4,4),(5,5.00,5,5),(6,6.00,6,6),(7,7.00,7,7),(8,8.00,8,8),(9,9.00,9,9),(10,10.00,10,10),
(11,11.00,11,1),(12,12.00,12,2),(13,13.00,13,3),(14,14.00,14,4),(15,15.00,15,5),(16,16.00,16,6),(17,17.00,17,7),(18,18.00,18,8),(19,19.00,19,9),(20,20.00,20,10),
(21,21.00,1,1),(22,22.00,2,2),(23,23.00,3,3),(24,24.00,4,4),(25,25.00,5,5),(26,26.00,6,6),(27,27.00,7,7),(28,28.00,8,8),(29,29.00,9,9),(30,30.00,10,10);
